-- =============================================================================
-- Timelog Development Seed Data
-- =============================================================================
-- Story: 1.5 Seed Data for Development
-- Usage: supabase db reset (applies migrations + seed)
--
-- This script is IDEMPOTENT - safe to run multiple times using ON CONFLICT
-- All test users have password: test123456
--
-- NOTE: For remote Supabase, use `npm run seed` instead (TypeScript version)
-- This SQL version requires local Supabase with Docker
-- =============================================================================

-- Enable pgcrypto extension for password hashing (required for crypt/gen_salt)
CREATE EXTENSION IF NOT EXISTS pgcrypto;

-- ============================================
-- DEPARTMENTS (AC: 1)
-- ============================================
INSERT INTO departments (id, name, active) VALUES
  ('11111111-1111-1111-1111-111111111111', 'Audio Production', true),
  ('22222222-2222-2222-2222-222222222222', 'Video Production', true),
  ('33333333-3333-3333-3333-333333333333', 'Localization', true)
ON CONFLICT (id) DO NOTHING;

-- ============================================
-- TEST USERS - AUTH.USERS (AC: 7)
-- ============================================
INSERT INTO auth.users (
  id, instance_id, email, encrypted_password, email_confirmed_at,
  raw_app_meta_data, raw_user_meta_data, aud, role, created_at, updated_at
) VALUES
  ('aaaaaaaa-aaaa-aaaa-aaaa-aaaaaaaaaaaa', '00000000-0000-0000-0000-000000000000',
   'staff@test.com', crypt('test123456', gen_salt('bf')), now(),
   '{"provider": "email", "providers": ["email"]}', '{"display_name": "Test Staff"}',
   'authenticated', 'authenticated', now(), now()),
  ('bbbbbbbb-bbbb-bbbb-bbbb-bbbbbbbbbbbb', '00000000-0000-0000-0000-000000000000',
   'manager@test.com', crypt('test123456', gen_salt('bf')), now(),
   '{"provider": "email", "providers": ["email"]}', '{"display_name": "Test Manager"}',
   'authenticated', 'authenticated', now(), now()),
  ('cccccccc-cccc-cccc-cccc-cccccccccccc', '00000000-0000-0000-0000-000000000000',
   'admin@test.com', crypt('test123456', gen_salt('bf')), now(),
   '{"provider": "email", "providers": ["email"]}', '{"display_name": "Test Admin"}',
   'authenticated', 'authenticated', now(), now()),
  ('dddddddd-dddd-dddd-dddd-dddddddddddd', '00000000-0000-0000-0000-000000000000',
   'superadmin@test.com', crypt('test123456', gen_salt('bf')), now(),
   '{"provider": "email", "providers": ["email"]}', '{"display_name": "Test Super Admin"}',
   'authenticated', 'authenticated', now(), now())
ON CONFLICT (id) DO NOTHING;

-- ============================================
-- TEST USERS - PUBLIC.USERS (AC: 7)
-- ============================================
INSERT INTO users (id, email, display_name, role, department_id) VALUES
  ('aaaaaaaa-aaaa-aaaa-aaaa-aaaaaaaaaaaa', 'staff@test.com', 'Test Staff', 'staff', '11111111-1111-1111-1111-111111111111'),
  ('bbbbbbbb-bbbb-bbbb-bbbb-bbbbbbbbbbbb', 'manager@test.com', 'Test Manager', 'manager', '11111111-1111-1111-1111-111111111111'),
  ('cccccccc-cccc-cccc-cccc-cccccccccccc', 'admin@test.com', 'Test Admin', 'admin', '11111111-1111-1111-1111-111111111111'),
  ('dddddddd-dddd-dddd-dddd-dddddddddddd', 'superadmin@test.com', 'Test Super Admin', 'super_admin', '11111111-1111-1111-1111-111111111111')
ON CONFLICT (id) DO NOTHING;

-- ============================================
-- MANAGER DEPARTMENTS (AC: 8)
-- ============================================
INSERT INTO manager_departments (id, manager_id, department_id) VALUES
  ('eeeeeeee-eeee-eeee-eeee-eeeeeeeeeeee', 'bbbbbbbb-bbbb-bbbb-bbbb-bbbbbbbbbbbb', '11111111-1111-1111-1111-111111111111'),
  ('ffffffff-ffff-ffff-ffff-ffffffffffff', 'bbbbbbbb-bbbb-bbbb-bbbb-bbbbbbbbbbbb', '22222222-2222-2222-2222-222222222222')
ON CONFLICT (id) DO NOTHING;

-- ============================================
-- CLIENTS (AC: 2)
-- ============================================
INSERT INTO clients (id, name, active) VALUES
  ('ca111111-1111-1111-1111-111111111111', 'บริษัท สยามมีเดีย จำกัด', true),
  ('ca222222-2222-2222-2222-222222222222', 'บริษัท ไทยเอ็นเตอร์เทนเมนต์ จำกัด', true),
  ('ca333333-3333-3333-3333-333333333333', 'บริษัท กรุงเทพโปรดักชั่น จำกัด', true),
  ('ca444444-4444-4444-4444-444444444444', 'บริษัท แอนิเมชั่นสตูดิโอ จำกัด', true),
  ('ca555555-5555-5555-5555-555555555555', 'บริษัท วอยซ์โอเวอร์ไทย จำกัด', true),
  ('ca666666-6666-6666-6666-666666666666', 'บริษัท สตูดิโอมิกซ์ จำกัด', true),
  ('ca777777-7777-7777-7777-777777777777', 'บริษัท ซับไตเติ้ลโปร จำกัด', true),
  ('ca888888-8888-8888-8888-888888888888', 'บริษัท ดับบิ้งมาสเตอร์ จำกัด', true),
  ('ca999999-9999-9999-9999-999999999999', 'บริษัท แปลภาษาไทย จำกัด', true),
  ('ca000000-0000-0000-0000-000000000000', 'บริษัท โพสต์โปรดักชั่น จำกัด', true)
ON CONFLICT (id) DO NOTHING;

-- ============================================
-- SERVICES (AC: 5)
-- ============================================
INSERT INTO services (id, name, active) VALUES
  ('5e111111-1111-1111-1111-111111111111', 'Dubbing', true),
  ('5e222222-2222-2222-2222-222222222222', 'Subtitling', true),
  ('5e333333-3333-3333-3333-333333333333', 'QC', true),
  ('5e444444-4444-4444-4444-444444444444', 'Recording', true),
  ('5e555555-5555-5555-5555-555555555555', 'Mixing', true),
  ('5e666666-6666-6666-6666-666666666666', 'Translation', true),
  ('5e777777-7777-7777-7777-777777777777', 'Voice Over', true),
  ('5e888888-8888-8888-8888-888888888888', 'ADR', true)
ON CONFLICT (id) DO NOTHING;

-- ============================================
-- TASKS (AC: 6)
-- ============================================
INSERT INTO tasks (id, name, active) VALUES
  ('fa111111-1111-1111-1111-111111111111', 'Preparation', true),
  ('fa222222-2222-2222-2222-222222222222', 'Production', true),
  ('fa333333-3333-3333-3333-333333333333', 'Review', true),
  ('fa444444-4444-4444-4444-444444444444', 'Revision', true),
  ('fa555555-5555-5555-5555-555555555555', 'Delivery', true),
  ('fa666666-6666-6666-6666-666666666666', 'Meeting', true),
  ('fa777777-7777-7777-7777-777777777777', 'Admin', true),
  ('fa888888-8888-8888-8888-888888888888', 'Training', true),
  ('fa999999-9999-9999-9999-999999999999', 'Research', true),
  ('fa000000-0000-0000-0000-000000000000', 'Support', true)
ON CONFLICT (id) DO NOTHING;

-- ============================================
-- PROJECTS (AC: 3)
-- ============================================
INSERT INTO projects (id, client_id, name, active) VALUES
  ('b1111111-1111-1111-1111-111111111111', 'ca111111-1111-1111-1111-111111111111', 'Netflix Series Q1', true),
  ('b1111111-1111-1111-1111-222222222222', 'ca111111-1111-1111-1111-111111111111', 'Disney+ Movie Dub', true),
  ('b2222222-2222-2222-2222-111111111111', 'ca222222-2222-2222-2222-222222222222', 'HBO Drama Series', true),
  ('b2222222-2222-2222-2222-222222222222', 'ca222222-2222-2222-2222-222222222222', 'Amazon Prime Show', true),
  ('b3333333-3333-3333-3333-111111111111', 'ca333333-3333-3333-3333-333333333333', 'Local Film Project', true),
  ('b3333333-3333-3333-3333-222222222222', 'ca333333-3333-3333-3333-333333333333', 'TV Commercial Series', true),
  ('b4444444-4444-4444-4444-111111111111', 'ca444444-4444-4444-4444-444444444444', 'Anime Season 1', true),
  ('b4444444-4444-4444-4444-222222222222', 'ca444444-4444-4444-4444-444444444444', 'Animation Movie', true),
  ('b5555555-5555-5555-5555-111111111111', 'ca555555-5555-5555-5555-555555555555', 'Documentary Series', true),
  ('b5555555-5555-5555-5555-222222222222', 'ca555555-5555-5555-5555-555555555555', 'Corporate Video', true),
  ('b6666666-6666-6666-6666-111111111111', 'ca666666-6666-6666-6666-666666666666', 'Feature Film Mix', true),
  ('b6666666-6666-6666-6666-222222222222', 'ca666666-6666-6666-6666-666666666666', 'Music Album', true),
  ('b7777777-7777-7777-7777-111111111111', 'ca777777-7777-7777-7777-777777777777', 'Korean Drama Sub', true),
  ('b7777777-7777-7777-7777-222222222222', 'ca777777-7777-7777-7777-777777777777', 'Japanese Anime Sub', true),
  ('b8888888-8888-8888-8888-111111111111', 'ca888888-8888-8888-8888-888888888888', 'Hollywood Blockbuster', true),
  ('b8888888-8888-8888-8888-222222222222', 'ca888888-8888-8888-8888-888888888888', 'Cartoon Network Series', true),
  ('b9999999-9999-9999-9999-111111111111', 'ca999999-9999-9999-9999-999999999999', 'Technical Manual', true),
  ('b9999999-9999-9999-9999-222222222222', 'ca999999-9999-9999-9999-999999999999', 'Website Localization', true),
  ('b0000000-0000-0000-0000-111111111111', 'ca000000-0000-0000-0000-000000000000', 'TV Series Post', true),
  ('b0000000-0000-0000-0000-222222222222', 'ca000000-0000-0000-0000-000000000000', 'Ad Campaign Post', true)
ON CONFLICT (id) DO NOTHING;

-- ============================================
-- JOBS (AC: 4) - 50 jobs
-- ============================================
INSERT INTO jobs (id, project_id, name, job_no, so_no, active) VALUES
  ('d0000001-0000-0000-0000-000000000001', 'b1111111-1111-1111-1111-111111111111', 'Episode 1-5 Dubbing', 'JOB-2024-001', 'SO-2024-001', true),
  ('d0000001-0000-0000-0000-000000000002', 'b1111111-1111-1111-1111-111111111111', 'Episode 6-10 Dubbing', 'JOB-2024-002', 'SO-2024-002', true),
  ('d0000001-0000-0000-0000-000000000003', 'b1111111-1111-1111-1111-111111111111', 'Trailer Localization', 'JOB-2024-003', 'SO-2024-003', true),
  ('d0000002-0000-0000-0000-000000000001', 'b1111111-1111-1111-1111-222222222222', 'Main Feature Dub', 'JOB-2024-004', 'SO-2024-004', true),
  ('d0000002-0000-0000-0000-000000000002', 'b1111111-1111-1111-1111-222222222222', 'Bonus Content', 'JOB-2024-005', 'SO-2024-005', true),
  ('d0000003-0000-0000-0000-000000000001', 'b2222222-2222-2222-2222-111111111111', 'Season 1 Episodes', 'JOB-2024-006', 'SO-2024-006', true),
  ('d0000003-0000-0000-0000-000000000002', 'b2222222-2222-2222-2222-111111111111', 'Season 2 Episodes', 'JOB-2024-007', 'SO-2024-007', true),
  ('d0000003-0000-0000-0000-000000000003', 'b2222222-2222-2222-2222-111111111111', 'Behind the Scenes', 'JOB-2024-008', 'SO-2024-008', true),
  ('d0000004-0000-0000-0000-000000000001', 'b2222222-2222-2222-2222-222222222222', 'Full Series Dub', 'JOB-2024-009', 'SO-2024-009', true),
  ('d0000004-0000-0000-0000-000000000002', 'b2222222-2222-2222-2222-222222222222', 'Promo Material', 'JOB-2024-010', 'SO-2024-010', true),
  ('d0000005-0000-0000-0000-000000000001', 'b3333333-3333-3333-3333-111111111111', 'Dialogue Recording', 'JOB-2024-011', 'SO-2024-011', true),
  ('d0000005-0000-0000-0000-000000000002', 'b3333333-3333-3333-3333-111111111111', 'Sound Effects', 'JOB-2024-012', 'SO-2024-012', true),
  ('d0000005-0000-0000-0000-000000000003', 'b3333333-3333-3333-3333-111111111111', 'Final Mix', 'JOB-2024-013', 'SO-2024-013', true),
  ('d0000006-0000-0000-0000-000000000001', 'b3333333-3333-3333-3333-222222222222', 'Voice Recording', 'JOB-2024-014', 'SO-2024-014', true),
  ('d0000006-0000-0000-0000-000000000002', 'b3333333-3333-3333-3333-222222222222', 'Music Production', 'JOB-2024-015', 'SO-2024-015', true),
  ('d0000007-0000-0000-0000-000000000001', 'b4444444-4444-4444-4444-111111111111', 'Episode 1-12 Dub', 'JOB-2024-016', 'SO-2024-016', true),
  ('d0000007-0000-0000-0000-000000000002', 'b4444444-4444-4444-4444-111111111111', 'Opening/Ending Songs', 'JOB-2024-017', 'SO-2024-017', true),
  ('d0000007-0000-0000-0000-000000000003', 'b4444444-4444-4444-4444-111111111111', 'OVA Special', 'JOB-2024-018', 'SO-2024-018', true),
  ('d0000008-0000-0000-0000-000000000001', 'b4444444-4444-4444-4444-222222222222', 'Feature Film Dub', 'JOB-2024-019', 'SO-2024-019', true),
  ('d0000008-0000-0000-0000-000000000002', 'b4444444-4444-4444-4444-222222222222', 'Theatrical Trailer', 'JOB-2024-020', 'SO-2024-020', true),
  ('d0000009-0000-0000-0000-000000000001', 'b5555555-5555-5555-5555-111111111111', 'Episode 1-6 VO', 'JOB-2024-021', 'SO-2024-021', true),
  ('d0000009-0000-0000-0000-000000000002', 'b5555555-5555-5555-5555-111111111111', 'Episode 7-12 VO', 'JOB-2024-022', 'SO-2024-022', true),
  ('d0000009-0000-0000-0000-000000000003', 'b5555555-5555-5555-5555-111111111111', 'Promo Narration', 'JOB-2024-023', 'SO-2024-023', true),
  ('d0000010-0000-0000-0000-000000000001', 'b5555555-5555-5555-5555-222222222222', 'Training Videos', 'JOB-2024-024', 'SO-2024-024', true),
  ('d0000010-0000-0000-0000-000000000002', 'b5555555-5555-5555-5555-222222222222', 'Company Profile', 'JOB-2024-025', 'SO-2024-025', true),
  ('d0000011-0000-0000-0000-000000000001', 'b6666666-6666-6666-6666-111111111111', 'Dialogue Pre-Mix', 'JOB-2024-026', 'SO-2024-026', true),
  ('d0000011-0000-0000-0000-000000000002', 'b6666666-6666-6666-6666-111111111111', 'Effects Pre-Mix', 'JOB-2024-027', 'SO-2024-027', true),
  ('d0000011-0000-0000-0000-000000000003', 'b6666666-6666-6666-6666-111111111111', 'Final 5.1 Mix', 'JOB-2024-028', 'SO-2024-028', true),
  ('d0000012-0000-0000-0000-000000000001', 'b6666666-6666-6666-6666-222222222222', 'Tracking Sessions', 'JOB-2024-029', 'SO-2024-029', true),
  ('d0000012-0000-0000-0000-000000000002', 'b6666666-6666-6666-6666-222222222222', 'Mastering', 'JOB-2024-030', 'SO-2024-030', true),
  ('d0000013-0000-0000-0000-000000000001', 'b7777777-7777-7777-7777-111111111111', 'Episode 1-8 Subtitles', 'JOB-2024-031', 'SO-2024-031', true),
  ('d0000013-0000-0000-0000-000000000002', 'b7777777-7777-7777-7777-111111111111', 'Episode 9-16 Subtitles', 'JOB-2024-032', 'SO-2024-032', true),
  ('d0000013-0000-0000-0000-000000000003', 'b7777777-7777-7777-7777-111111111111', 'Special Episode', 'JOB-2024-033', 'SO-2024-033', true),
  ('d0000014-0000-0000-0000-000000000001', 'b7777777-7777-7777-7777-222222222222', 'Season 1 Subtitles', 'JOB-2024-034', 'SO-2024-034', true),
  ('d0000014-0000-0000-0000-000000000002', 'b7777777-7777-7777-7777-222222222222', 'Movie Subtitles', 'JOB-2024-035', 'SO-2024-035', true),
  ('d0000015-0000-0000-0000-000000000001', 'b8888888-8888-8888-8888-111111111111', 'Main Feature Thai Dub', 'JOB-2024-036', 'SO-2024-036', true),
  ('d0000015-0000-0000-0000-000000000002', 'b8888888-8888-8888-8888-111111111111', 'IMAX Version', 'JOB-2024-037', 'SO-2024-037', true),
  ('d0000015-0000-0000-0000-000000000003', 'b8888888-8888-8888-8888-111111111111', 'Home Video Version', 'JOB-2024-038', 'SO-2024-038', true),
  ('d0000016-0000-0000-0000-000000000001', 'b8888888-8888-8888-8888-222222222222', 'Season 1 Episodes', 'JOB-2024-039', 'SO-2024-039', true),
  ('d0000016-0000-0000-0000-000000000002', 'b8888888-8888-8888-8888-222222222222', 'Season 2 Episodes', 'JOB-2024-040', 'SO-2024-040', true),
  ('d0000017-0000-0000-0000-000000000001', 'b9999999-9999-9999-9999-111111111111', 'User Guide Translation', 'JOB-2024-041', 'SO-2024-041', true),
  ('d0000017-0000-0000-0000-000000000002', 'b9999999-9999-9999-9999-111111111111', 'Safety Manual Translation', 'JOB-2024-042', 'SO-2024-042', true),
  ('d0000018-0000-0000-0000-000000000001', 'b9999999-9999-9999-9999-222222222222', 'Main Website Pages', 'JOB-2024-043', 'SO-2024-043', true),
  ('d0000018-0000-0000-0000-000000000002', 'b9999999-9999-9999-9999-222222222222', 'E-commerce Section', 'JOB-2024-044', 'SO-2024-044', true),
  ('d0000018-0000-0000-0000-000000000003', 'b9999999-9999-9999-9999-222222222222', 'Mobile App Strings', 'JOB-2024-045', 'SO-2024-045', true),
  ('d0000019-0000-0000-0000-000000000001', 'b0000000-0000-0000-0000-111111111111', 'Season 1 Post Production', 'JOB-2024-046', 'SO-2024-046', true),
  ('d0000019-0000-0000-0000-000000000002', 'b0000000-0000-0000-0000-111111111111', 'Season 2 Post Production', 'JOB-2024-047', 'SO-2024-047', true),
  ('d0000019-0000-0000-0000-000000000003', 'b0000000-0000-0000-0000-111111111111', 'Special Episode Post', 'JOB-2024-048', 'SO-2024-048', true),
  ('d0000020-0000-0000-0000-000000000001', 'b0000000-0000-0000-0000-222222222222', 'TV Spots Post', 'JOB-2024-049', 'SO-2024-049', true),
  ('d0000020-0000-0000-0000-000000000002', 'b0000000-0000-0000-0000-222222222222', 'Digital Ads Post', 'JOB-2024-050', 'SO-2024-050', true)
ON CONFLICT (id) DO NOTHING;

-- ============================================
-- TIME ENTRIES (AC: 9) - 20 entries for staff
-- ============================================
INSERT INTO time_entries (id, user_id, job_id, service_id, task_id, duration_minutes, entry_date, notes, department_id) VALUES
  ('ae000001-0000-0000-0000-000000000001', 'aaaaaaaa-aaaa-aaaa-aaaa-aaaaaaaaaaaa', 'd0000001-0000-0000-0000-000000000001', '5e111111-1111-1111-1111-111111111111', 'fa222222-2222-2222-2222-222222222222', 240, CURRENT_DATE, 'Dubbing session EP1-2', '11111111-1111-1111-1111-111111111111'),
  ('ae000002-0000-0000-0000-000000000002', 'aaaaaaaa-aaaa-aaaa-aaaa-aaaaaaaaaaaa', 'd0000001-0000-0000-0000-000000000002', '5e333333-3333-3333-3333-333333333333', 'fa333333-3333-3333-3333-333333333333', 120, CURRENT_DATE, 'QC review session', '11111111-1111-1111-1111-111111111111'),
  ('ae000003-0000-0000-0000-000000000003', 'aaaaaaaa-aaaa-aaaa-aaaa-aaaaaaaaaaaa', 'd0000002-0000-0000-0000-000000000001', '5e222222-2222-2222-2222-222222222222', 'fa111111-1111-1111-1111-111111111111', 180, CURRENT_DATE - INTERVAL '1 day', 'Subtitling prep work', '11111111-1111-1111-1111-111111111111'),
  ('ae000004-0000-0000-0000-000000000004', 'aaaaaaaa-aaaa-aaaa-aaaa-aaaaaaaaaaaa', 'd0000003-0000-0000-0000-000000000001', '5e111111-1111-1111-1111-111111111111', 'fa222222-2222-2222-2222-222222222222', 300, CURRENT_DATE - INTERVAL '1 day', 'HBO series dubbing', '11111111-1111-1111-1111-111111111111'),
  ('ae000005-0000-0000-0000-000000000005', 'aaaaaaaa-aaaa-aaaa-aaaa-aaaaaaaaaaaa', 'd0000004-0000-0000-0000-000000000001', '5e444444-4444-4444-4444-444444444444', 'fa222222-2222-2222-2222-222222222222', 420, CURRENT_DATE - INTERVAL '2 days', 'Full day recording session', '11111111-1111-1111-1111-111111111111'),
  ('ae000006-0000-0000-0000-000000000006', 'aaaaaaaa-aaaa-aaaa-aaaa-aaaaaaaaaaaa', 'd0000005-0000-0000-0000-000000000001', '5e555555-5555-5555-5555-555555555555', 'fa222222-2222-2222-2222-222222222222', 360, CURRENT_DATE - INTERVAL '3 days', 'Audio mixing work', '11111111-1111-1111-1111-111111111111'),
  ('ae000007-0000-0000-0000-000000000007', 'aaaaaaaa-aaaa-aaaa-aaaa-aaaaaaaaaaaa', 'd0000006-0000-0000-0000-000000000001', '5e777777-7777-7777-7777-777777777777', 'fa111111-1111-1111-1111-111111111111', 90, CURRENT_DATE - INTERVAL '3 days', 'Voice over prep', '11111111-1111-1111-1111-111111111111'),
  ('ae000008-0000-0000-0000-000000000008', 'aaaaaaaa-aaaa-aaaa-aaaa-aaaaaaaaaaaa', 'd0000007-0000-0000-0000-000000000001', '5e111111-1111-1111-1111-111111111111', 'fa222222-2222-2222-2222-222222222222', 480, CURRENT_DATE - INTERVAL '4 days', 'Anime dubbing full day', '11111111-1111-1111-1111-111111111111'),
  ('ae000009-0000-0000-0000-000000000009', 'aaaaaaaa-aaaa-aaaa-aaaa-aaaaaaaaaaaa', 'd0000008-0000-0000-0000-000000000001', '5e888888-8888-8888-8888-888888888888', 'fa222222-2222-2222-2222-222222222222', 240, CURRENT_DATE - INTERVAL '5 days', 'ADR session', '11111111-1111-1111-1111-111111111111'),
  ('ae000010-0000-0000-0000-000000000010', 'aaaaaaaa-aaaa-aaaa-aaaa-aaaaaaaaaaaa', 'd0000009-0000-0000-0000-000000000001', '5e666666-6666-6666-6666-666666666666', 'fa111111-1111-1111-1111-111111111111', 150, CURRENT_DATE - INTERVAL '5 days', 'Translation review', '11111111-1111-1111-1111-111111111111'),
  ('ae000011-0000-0000-0000-000000000011', 'aaaaaaaa-aaaa-aaaa-aaaa-aaaaaaaaaaaa', 'd0000010-0000-0000-0000-000000000001', '5e777777-7777-7777-7777-777777777777', 'fa222222-2222-2222-2222-222222222222', 300, CURRENT_DATE - INTERVAL '6 days', 'Corporate VO recording', '11111111-1111-1111-1111-111111111111'),
  ('ae000012-0000-0000-0000-000000000012', 'aaaaaaaa-aaaa-aaaa-aaaa-aaaaaaaaaaaa', 'd0000011-0000-0000-0000-000000000001', '5e555555-5555-5555-5555-555555555555', 'fa333333-3333-3333-3333-333333333333', 240, CURRENT_DATE - INTERVAL '7 days', 'Mix review session', '11111111-1111-1111-1111-111111111111'),
  ('ae000013-0000-0000-0000-000000000013', 'aaaaaaaa-aaaa-aaaa-aaaa-aaaaaaaaaaaa', 'd0000012-0000-0000-0000-000000000001', '5e555555-5555-5555-5555-555555555555', 'fa222222-2222-2222-2222-222222222222', 180, CURRENT_DATE - INTERVAL '7 days', 'Album mixing', '11111111-1111-1111-1111-111111111111'),
  ('ae000014-0000-0000-0000-000000000014', 'aaaaaaaa-aaaa-aaaa-aaaa-aaaaaaaaaaaa', 'd0000013-0000-0000-0000-000000000001', '5e222222-2222-2222-2222-222222222222', 'fa222222-2222-2222-2222-222222222222', 360, CURRENT_DATE - INTERVAL '8 days', 'K-drama subtitling', '11111111-1111-1111-1111-111111111111'),
  ('ae000015-0000-0000-0000-000000000015', 'aaaaaaaa-aaaa-aaaa-aaaa-aaaaaaaaaaaa', 'd0000014-0000-0000-0000-000000000001', '5e222222-2222-2222-2222-222222222222', 'fa222222-2222-2222-2222-222222222222', 420, CURRENT_DATE - INTERVAL '9 days', 'Anime subtitling', '11111111-1111-1111-1111-111111111111'),
  ('ae000016-0000-0000-0000-000000000016', 'aaaaaaaa-aaaa-aaaa-aaaa-aaaaaaaaaaaa', 'd0000015-0000-0000-0000-000000000001', '5e111111-1111-1111-1111-111111111111', 'fa222222-2222-2222-2222-222222222222', 480, CURRENT_DATE - INTERVAL '10 days', 'Hollywood movie dubbing', '11111111-1111-1111-1111-111111111111'),
  ('ae000017-0000-0000-0000-000000000017', 'aaaaaaaa-aaaa-aaaa-aaaa-aaaaaaaaaaaa', 'd0000016-0000-0000-0000-000000000001', '5e111111-1111-1111-1111-111111111111', 'fa444444-4444-4444-4444-444444444444', 120, CURRENT_DATE - INTERVAL '11 days', 'Cartoon dubbing revision', '11111111-1111-1111-1111-111111111111'),
  ('ae000018-0000-0000-0000-000000000018', 'aaaaaaaa-aaaa-aaaa-aaaa-aaaaaaaaaaaa', 'd0000017-0000-0000-0000-000000000001', '5e666666-6666-6666-6666-666666666666', 'fa222222-2222-2222-2222-222222222222', 300, CURRENT_DATE - INTERVAL '12 days', 'Manual translation', '11111111-1111-1111-1111-111111111111'),
  ('ae000019-0000-0000-0000-000000000019', 'aaaaaaaa-aaaa-aaaa-aaaa-aaaaaaaaaaaa', 'd0000018-0000-0000-0000-000000000001', '5e666666-6666-6666-6666-666666666666', 'fa222222-2222-2222-2222-222222222222', 240, CURRENT_DATE - INTERVAL '13 days', 'Website localization', '11111111-1111-1111-1111-111111111111'),
  ('ae000020-0000-0000-0000-000000000020', 'aaaaaaaa-aaaa-aaaa-aaaa-aaaaaaaaaaaa', 'd0000019-0000-0000-0000-000000000001', '5e333333-3333-3333-3333-333333333333', 'fa333333-3333-3333-3333-333333333333', 180, CURRENT_DATE - INTERVAL '14 days', 'TV series QC', '11111111-1111-1111-1111-111111111111')
ON CONFLICT (id) DO NOTHING;

-- ============================================
-- USER RECENT COMBINATIONS (AC: 9)
-- ============================================
INSERT INTO user_recent_combinations (id, user_id, client_id, project_id, job_id, service_id, task_id, last_used_at) VALUES
  ('ec000001-0000-0000-0000-000000000001', 'aaaaaaaa-aaaa-aaaa-aaaa-aaaaaaaaaaaa', 'ca111111-1111-1111-1111-111111111111', 'b1111111-1111-1111-1111-111111111111', 'd0000001-0000-0000-0000-000000000001', '5e111111-1111-1111-1111-111111111111', 'fa222222-2222-2222-2222-222222222222', now()),
  ('ec000002-0000-0000-0000-000000000002', 'aaaaaaaa-aaaa-aaaa-aaaa-aaaaaaaaaaaa', 'ca111111-1111-1111-1111-111111111111', 'b1111111-1111-1111-1111-111111111111', 'd0000001-0000-0000-0000-000000000002', '5e333333-3333-3333-3333-333333333333', 'fa333333-3333-3333-3333-333333333333', now() - INTERVAL '1 hour'),
  ('ec000003-0000-0000-0000-000000000003', 'aaaaaaaa-aaaa-aaaa-aaaa-aaaaaaaaaaaa', 'ca111111-1111-1111-1111-111111111111', 'b1111111-1111-1111-1111-222222222222', 'd0000002-0000-0000-0000-000000000001', '5e222222-2222-2222-2222-222222222222', 'fa111111-1111-1111-1111-111111111111', now() - INTERVAL '2 hours'),
  ('ec000004-0000-0000-0000-000000000004', 'aaaaaaaa-aaaa-aaaa-aaaa-aaaaaaaaaaaa', 'ca222222-2222-2222-2222-222222222222', 'b2222222-2222-2222-2222-111111111111', 'd0000003-0000-0000-0000-000000000001', '5e111111-1111-1111-1111-111111111111', 'fa222222-2222-2222-2222-222222222222', now() - INTERVAL '3 hours'),
  ('ec000005-0000-0000-0000-000000000005', 'aaaaaaaa-aaaa-aaaa-aaaa-aaaaaaaaaaaa', 'ca222222-2222-2222-2222-222222222222', 'b2222222-2222-2222-2222-222222222222', 'd0000004-0000-0000-0000-000000000001', '5e444444-4444-4444-4444-444444444444', 'fa222222-2222-2222-2222-222222222222', now() - INTERVAL '4 hours')
ON CONFLICT (id) DO NOTHING;

-- ============================================
-- VERIFICATION QUERY
-- ============================================
-- Run to verify counts:
-- SELECT 'departments' as t, COUNT(*) FROM departments
-- UNION ALL SELECT 'users', COUNT(*) FROM users
-- UNION ALL SELECT 'clients', COUNT(*) FROM clients
-- UNION ALL SELECT 'projects', COUNT(*) FROM projects
-- UNION ALL SELECT 'jobs', COUNT(*) FROM jobs
-- UNION ALL SELECT 'services', COUNT(*) FROM services
-- UNION ALL SELECT 'tasks', COUNT(*) FROM tasks
-- UNION ALL SELECT 'time_entries', COUNT(*) FROM time_entries
-- UNION ALL SELECT 'manager_departments', COUNT(*) FROM manager_departments
-- UNION ALL SELECT 'user_recent_combinations', COUNT(*) FROM user_recent_combinations;
